	Process Id	Repeat Sequence	NO. of the present (Genic)	NO. of the present (Non-genic)
	test_new_env	ATAAA	6	10
	test_new_env	TTTAT	7	10
	test_new_env	ATT	3	11
	test_new_env	ATAT	26	121
	test_new_env	C	3	12
	test_new_env	GT	22	12
	test_new_env	TATTT	5	12
	test_new_env	AAG	49	13
	test_new_env	GAA	85	13
	test_new_env	AAT	6	15
	test_new_env	ATA	5	15
	test_new_env	TTTTC	10	15
	test_new_env	CA	20	16
	test_new_env	G	8	16
	test_new_env	TTAAT	1	17
	test_new_env	T	1185	1836
	test_new_env	A	1244	1878
	test_new_env	TCT	85	19
	test_new_env	AAAAAG	1	1
	test_new_env	AACAA	8	1
	test_new_env	AACAAC	4	1
	test_new_env	AACAC	1	1
	test_new_env	AACCG	1	1
	test_new_env	AATGT	1	1
	test_new_env	ACAA	1	1
	test_new_env	ACAAAA	3	1
	test_new_env	ACAC	10	1
	test_new_env	ACACAC	3	1
	test_new_env	ACT	2	1
	test_new_env	AGAA	4	1
	test_new_env	AGAAA	7	1
	test_new_env	AGAGA	6	1
	test_new_env	AGG	4	1
	test_new_env	AGGGA	1	1
	test_new_env	AGTG	1	1
	test_new_env	ATC	32	1
	test_new_env	ATCAGA	1	1
	test_new_env	ATCATC	7	1
	test_new_env	ATGATG	5	1
	test_new_env	ATTA	1	1
	test_new_env	CAAAC	2	1
	test_new_env	CAAT	1	1
	test_new_env	CACACA	3	1
	test_new_env	CAT	19	1
	test_new_env	CATT	1	1
	test_new_env	CCA	11	1
	test_new_env	CCATCA	1	1
	test_new_env	CTTCTC	1	1
	test_new_env	CTTTTT	1	1
	test_new_env	GAAA	3	1
	test_new_env	GACCC	3	1
	test_new_env	GAGAA	2	1
	test_new_env	GAGAGA	8	1
	test_new_env	GAT	34	1
	test_new_env	GATGAT	5	1
	test_new_env	GATTT	1	1
	test_new_env	GCT	3	1
	test_new_env	GTA	3	1
	test_new_env	GTGT	2	1
	test_new_env	GTTGTT	4	1
	test_new_env	TAG	3	1
	test_new_env	TATC	1	1
	test_new_env	TATGTG	1	1
	test_new_env	TCA	14	1
	test_new_env	TCAAAA	1	1
	test_new_env	TCATGA	1	1
	test_new_env	TCATGT	1	1
	test_new_env	TCG	3	1
	test_new_env	TCTCTC	7	1
	test_new_env	TCTGT	2	1
	test_new_env	TCTTC	5	1
	test_new_env	TGTA	2	1
	test_new_env	TGTTTG	1	1
	test_new_env	TTAA	2	1
	test_new_env	TTCAT	2	1
	test_new_env	TTCTC	2	1
	test_new_env	TTGTG	4	1
	test_new_env	TTGTT	2	1
	test_new_env	TTGTTC	1	1
	test_new_env	TTTCAG	1	1
	test_new_env	TTTGAT	1	1
	test_new_env	TTTTTC	2	1
	test_new_env	TA	97	206
	test_new_env	TTTTG	18	21
	test_new_env	AC	49	22
	test_new_env	CT	84	23
	test_new_env	TG	57	23
	test_new_env	AT	118	254
	test_new_env	GA	112	25
	test_new_env	TAAAA	8	25
	test_new_env	TTC	76	25
	test_new_env	TC	151	26
	test_new_env	AAAACA	2	2
	test_new_env	AAACC	1	2
	test_new_env	AAACCT	1	2
	test_new_env	AAGA	8	2
	test_new_env	AATCA	1	2
	test_new_env	ACA	13	2
	test_new_env	ACAACA	7	2
	test_new_env	ACAAG	2	2
	test_new_env	ACC	6	2
	test_new_env	AGT	2	2
	test_new_env	ATAA	1	2
	test_new_env	ATAAAA	3	2
	test_new_env	ATG	22	2
	test_new_env	ATTT	4	2
	test_new_env	CAAAT	3	2
	test_new_env	CCAAA	1	2
	test_new_env	CCC	1	2
	test_new_env	CTA	1	2
	test_new_env	CTCTCT	11	2
	test_new_env	CTTCT	4	2
	test_new_env	CTTCTT	13	2
	test_new_env	GAAGAA	28	2
	test_new_env	GTTTT	6	2
	test_new_env	TATTTT	2	2
	test_new_env	TCTT	5	2
	test_new_env	TCTTCT	13	2
	test_new_env	TCTTT	5	2
	test_new_env	TGGTT	1	2
	test_new_env	TTCT	5	2
	test_new_env	TTGGT	4	2
	test_new_env	TTGTTG	4	2
	test_new_env	TTTCT	4	2
	test_new_env	TTTTTT	13	32
	test_new_env	AA	246	341
	test_new_env	AAAAAA	15	34
	test_new_env	AG	187	36
	test_new_env	ATTTT	13	36
	test_new_env	TT	234	386
	test_new_env	AAAC	6	3
	test_new_env	AAACA	2	3
	test_new_env	AAATA	7	3
	test_new_env	AAATT	1	3
	test_new_env	AACCA	4	3
	test_new_env	AAGAAG	14	3
	test_new_env	AAGAG	4	3
	test_new_env	AGAAG	4	3
	test_new_env	AGAAGA	19	3
	test_new_env	ATTTG	1	3
	test_new_env	CAAAAA	1	3
	test_new_env	CACA	2	3
	test_new_env	CATCAT	2	3
	test_new_env	GAAAAA	1	3
	test_new_env	GGTTT	2	3
	test_new_env	TAAAT	1	3
	test_new_env	TAAT	1	3
	test_new_env	TCGGT	2	3
	test_new_env	TGT	21	3
	test_new_env	TGTG	5	3
	test_new_env	TTCTT	2	3
	test_new_env	TTTGG	2	3
	test_new_env	TTTGT	4	3
	test_new_env	TTTTA	19	42
	test_new_env	AAAAT	16	49
	test_new_env	AAAAAT	1	4
	test_new_env	AAAG	5	4
	test_new_env	AAAGA	3	4
	test_new_env	AAC	17	4
	test_new_env	ATGT	1	4
	test_new_env	CTCT	25	4
	test_new_env	GAAAA	3	4
	test_new_env	GGTTC	4	4
	test_new_env	GTT	13	4
	test_new_env	TAATT	1	4
	test_new_env	TATT	2	4
	test_new_env	TTCTTC	30	4
	test_new_env	TTTC	7	4
	test_new_env	TTTG	7	4
	test_new_env	TATATA	18	58
	test_new_env	AAAA	36	59
	test_new_env	AAGAA	6	5
	test_new_env	AATTT	3	5
	test_new_env	ACAAA	3	5
	test_new_env	ATTTTT	1	5
	test_new_env	GG	9	5
	test_new_env	TAA	1	5
	test_new_env	TAAA	3	5
	test_new_env	TGTTT	4	5
	test_new_env	TTATT	4	5
	test_new_env	TTTAA	1	5
	test_new_env	TTTTTA	1	5
	test_new_env	TTTT	41	63
	test_new_env	AGAG	24	6
	test_new_env	CAA	15	6
	test_new_env	CAACT	1	6
	test_new_env	CTTTT	10	6
	test_new_env	GAATGA	2	6
	test_new_env	TAT	3	6
	test_new_env	TCTC	34	6
	test_new_env	TATA	22	76
	test_new_env	AAAAA	42	77
	test_new_env	TTTTT	56	77
	test_new_env	AAA	45	79
	test_new_env	AAAAC	10	7
	test_new_env	AGAGAG	12	7
	test_new_env	CAAAA	12	7
	test_new_env	CTT	51	7
	test_new_env	ATATAT	23	83
	test_new_env	TTT	56	86
	test_new_env	AAAT	5	8
	test_new_env	AATAA	6	8
	test_new_env	AAAAG	9	9
	test_new_env	AATA	1	9
	test_new_env	AGA	59	9
	test_new_env	CC	4	9
	test_new_env	GAGA	21	9
	test_new_env	TTA	5	9
	test_new_env	TTG	25	9
	test_new_env	TTTA	4	9
